address,lon,lat
Hillerslev,10.3458159,55.2075321
Warsaw,21.0067249,52.2319581
Herentals,4.8362595,51.1765426
Coventry,-1.510477,52.4081812
Barranquilla,-74.7988827,10.9810761
Douglas,-88.2170516,39.7628415
Kampala,32.5813539,0.3177137
San Carlos Sija,-91.54905,14.983689
Gera,12.0796208,50.8772301
Oudenaarde,3.6041443,50.8433705
Boom,4.3667216,51.0873789
Palmerston North,175.6112388,-40.356317
Townsville,146.8239537,-19.2569391
Sigulda,24.8567141,57.1540561
Breda,4.7760237,51.5887845
Cartago,-83.69430288751238,9.81589045
Ruiselede,3.3787805823544046,51.0630592
Alanya,32.0019211,36.5436517
Tartu,26.72245,58.3801207
Stavanger,5.712611357275702,59.1020129
Marshall,-89.2998456,41.0324537
Leiden,4.4811088666204295,52.1518157
Dolenja vas,14.1278939,45.3393691
Albenga,8.2131239,44.0492503
Farningham,0.23560213337114874,51.37474765
Castelfranco Veneto,11.9252448,45.6728109
Gámiz,-2.6197410303711752,42.8166819
Talsi,22.5903003,57.2451926
Ghent,3.7250121,51.0538286
Cieza,-4.124873387159046,43.2230443
Montevarchi,11.5675911,43.5234999
Hobart,147.3281233,-42.8825088
Petropavl,69.1334984,54.8668104
Tønsberg,10.282049110877239,59.3549795
Upper Hutt,175.0699589,-41.1240674
Arzignano,11.338594,45.519292
Waremme,5.2546191,50.6976875
Castellón de la Plana,-0.0377354,39.9860347
Lisieux,0.2255168,49.1460831
Getxo,-3.0087671,43.3479409
Biescas,-0.3215867,42.6285893
Este,11.659796,45.2240069
Amersfoort,5.3896944,52.1562499
Palestrina,12.8912487,41.8389656
Utrecht,5.12768396945229,52.080985600000005
Olomouc,17.251143,49.5940567
Livry-Gargan,2.5298854,48.917335
Vila Nova de Cacela,-7.5333882,37.1754658
Los Angeles,-118.242766,34.0536909
Misgav,35.220368861416205,32.93410935
Arcabuco,-73.45137111659105,5.75520695
Kortrijk,3.2659884,50.8276429
Ziar nad Hronom,18.8500892,48.5910183
Brescia,10.4258729694612,45.77958045
Kristiansand,7.93185802875815,58.085627599999995
Subiaco,13.0944317,41.9267153
Puigreig,1.7412406,41.6068303
Addis Abeba,38.7612525,9.0107934
Oblast Pavlodar,76.4285287,51.8111545
Straß im Attergau,13.4540582,47.9092541
Kalisz,18.079590087700034,51.74736505
Lyon,4.8320114,45.7578137
Opbrakel,3.7463234,50.7921614
Frýdek-Místek,18.3483416,49.685635
Vienna,16.3725042,48.2083537
Bogotá,-74.083652,4.6533326
Odense,10.3852104,55.3997225
Poschiavo,10.0581552,46.3264671
Ljubljana,14.5069289,46.0500268
Christchurch,172.6366455,-43.530955
Bourg-en-Bresse,5.2250324,46.2051192
Tournai,3.3878179,50.6056458
Goes,3.8897596,51.5031033
Vevey,6.8418655,46.4602978
Manzanares,-3.3722143,38.9962242
Wetteren,3.8731040535437895,50.9983603
Bruges,3.226772,51.2085526
Quimper,-4.1024782,47.9960325
Noirmoutier-en-l'Île,-2.2441449,47.000089
Vrasene,4.194377,51.2191283
Copenhagen,12.5700724,55.6867243
Memphis,-89.9668758,35.1335022
Tallinn,24.7453688,59.4372155
Kendal,-2.747183,54.3289795
Larvik,10.021929959972812,59.0967308
Úmbita,-73.4445556,5.2191111
San Isidro,-0.8387399,38.1707587
Augsburg,10.8986971,48.3668041
Almuñécar,-3.68968,36.7328699
Hasselt,5.3378043,50.9303735
Melbourne,144.9631608,-37.8142176
Kamensk-Uralsky,61.917797,56.415451
Conegliano,12.2977566,45.8862172
Penafiel,-8.292240964931633,41.203919400000004
Berlin,13.3888599,52.5170365
Esposende,-8.7792538,41.5315251
Amsterdam,4.8936041,52.3727598
Wedel,9.7038772,53.5810226
Gemert,5.6864592,51.5589833
Clamart,2.2630292,48.800368
Saint-Louis,-90.1995853,38.6264256
Hoogeveen,6.49308148854467,52.7264258
Eisenhüttenstadt,14.6294413,52.1448863
Sondrio,10.258413671017703,46.32336235
Zuidland,4.2577294,51.8220839
Dobele,23.277275,56.6257485
Turnhout,4.948461,51.3233812
Dushanbe,68.81521423589763,38.5425835
Guernica,-2.6778511,43.3143628
Borgoricco,11.9658789,45.5335614
Steeton,-1.9494405,53.896673
Kartuzy,18.1973639,54.3342281
Tølløse,11.7704158,55.6108727
Vaprio d'Adda,9.5291744,45.5765762
Newcastle-under-Lyme,-2.2273919,53.0117627
Schwäbisch Hall,9.7369047,49.1123963
Deinze,3.5274017,50.9840526
Jõgeva,26.399928038398983,58.7634819
Centurion,28.180278,-25.836389
Martigny,4.1375,49.8597222
Schalchen,13.1554855,48.1188102
Kilcock,-6.6678589,53.400763
Faro,-7.9351771,37.0162727
Marostica,11.6568938,45.7453924
Son Servera,3.3605983,39.6222728
Uznach,8.9856079,47.2250636
Koersel,5.2686384,51.0573964
Saronno,9.0373283,45.6256764
Østerild,8.8488575,57.0304231
Oñati,-2.4137149,43.0328523
Glasgow,-4.2488787,55.8609825
Hereford,-2.7151735,52.0553813
Velká Bíteš,16.2271255,49.2883646
Grodno,23.8342648,53.6834599
Flers,2.25255,50.32053
Vila Nova de Famalicão,-8.5187481,41.4065175
Olen,4.8597257,51.1438611
Orcoyen,-1.7022679,42.8234903
Saint-Dié-des-Vosges,6.9477708,48.2873153
Annecy,6.1288847,45.8992348
Sibiu,24.1519202,45.7973912
Groningen,6.5680077,53.2190652
Porvoo,25.6604862,60.3953913
Brasschaat,4.4917295,51.2900693
Sigriswil,7.7160699,46.7164293
Lümanda,22.052923894566376,58.28561545
Varese,8.754157594917665,45.83971285
Colombier-Fontaine,6.6926206,47.4541385
Cesena,12.2422442,44.136352
Geel,4.9903187,51.1610826
Vila Nova de Gaia,-8.6058415,41.1300103
Kuala Selangor,101.3455503,3.3621022
Milan,9.1896346,45.4641943
Verona,10.9924122,45.4384958
Gouda,4.711122134697802,52.018119350000006
Manta Rota,-7.5206208,37.1666602
Cannock,-2.0324197,52.688227
Cremona,10.037037979628856,45.22086405
Villefranche-sur-Saône,4.726611,45.9864749
Ravensburg,9.612468,47.7811014
Dearborn,-83.1763145,42.3222599
Chambray-lès-Tours,0.714368,47.3390872
Kandel,8.1970699,49.0809754
Jaca,-0.549372,42.5692515
Colorado Springs,-104.825348,38.8339578
Dinan,-2.047687,48.4539775
Fredericia,9.7562169,55.565268
Arès,-1.1379928,44.767644
Jaén,-3.492055612037218,37.9557275
Libramont,5.437089151361523,49.94990995
Odessa,30.7322878,46.4843023
Izhevsk,53.197730742455306,56.86051745
Llinars del Vallès,2.4033771,41.6383547
Lekeitio,-2.5059965,43.3637081
Tacoma,-122.4398746,47.2495798
Paris,2.3200410217200766,48.8588897
Sertolovo,30.207806,60.143707
Barcelos,-8.6192306,41.5314496
Tielt,3.3414263284671195,50.999964750000004
Münsterlingen,9.2329998,47.631287
Adelaide,138.5999312,-34.9281805
Libourne,-0.2427217,44.9133742
Trebujena,-6.1767074,36.8693301
Doetinchem,6.281455126241391,51.958534799999995
Empoli,10.9458556,43.7194884
Melle,7.32049,44.5620476
Kimberley,24.7642251,-28.7383012
Otsu,135.8686739,35.0047096
Ciutadella de Menorca,3.8376613313267955,40.0017479
Albalat dels Tarongers,-0.3371981,39.7028908
Gavà,74.10178169795284,15.3503192
Erfurt,11.0287364,50.9777974
Recanati,13.5486016,43.4035085
Le Mans,0.1967849,48.0073849
Beasain,-2.2032868,43.0473269
Rollegem,3.2605254,50.7690135
London,-0.1276474,51.5073219
Campbell Town,147.4958801,-41.9284173
Almaty,76.91925238619355,43.21833055
Civitavecchia,11.7922462,42.0937524
Ninove,4.004025399079267,50.8212361
Gonesse,2.4500537,48.9863555
Madrid,-3.7035825,40.4167047
Setúbal,-8.8932341,38.5241783
Saint Petersburg,30.380619357025516,59.917857350000006
Cabauw,4.897778,51.9642565
Gijón,-5.66275,43.5449422
Heino,6.2337581,52.4361877
Gennevilliers,2.2940122,48.9254221
Osimo,13.4824068,43.4861359
Fontiveros,-4.9659172,40.9298797
Ahaus,7.004876,52.0761541
Alzano Lombardo,9.730494,45.7336026
Postojna,14.15930632489195,45.78727345
Ossa de Montiel,-2.7453748,38.9625266
Gorinchem,4.974600467260094,51.8421872
San Sebastián,-1.9838889,43.3224219
Vitoria-Gasteiz,-2.6724025,42.8465088
Ottawa,-75.6851593,45.3969506
Lokeren,3.9898689,51.1044488
Takaka,34.9249653,38.9597594
Opoczno,20.2931754,51.3782439
Córdoba,-4.7760138,37.8845813
Preston,-2.6992717,53.7593363
Trenčín,18.0393715,48.8923583
Évreux,1.1510164,49.0268903
Tours,0.6889268,47.3900474
Socuéllamos,-2.7904645,39.2834014
Füllinsdorf,7.7299597,47.5056654
Kempten,10.3168835,47.7267063
Messina,15.5542082,38.1937571
Hamilton,-79.8728583,43.2560802
Desenzano del Garda,10.5389467,45.4694851
Linköping,15.6245252,58.4098135
Lure,6.4946806,47.6863376
Kokkedal,12.4983774,55.9046232
Budapest,19.0403594,47.4979937
Locate di Triulzi,9.2246411,45.3579318
Kawasaki,139.7028012,35.5305307
Roskilde,12.0819247,55.6433478
Bologna,11.3426327,44.4938203
Luxembourg,6.1296751,49.8158683
Horsens,9.8444774,55.8611696
Uccle,4.3338445,50.8035441
Sint-Niklaas,4.1395124,51.1646685
Onda,-0.2593846,39.9621514
Badalona,2.248254,41.4493539
Rho,9.046346923178804,45.531035450000005
Ixelles,4.3668279,50.8331141
Moerzeke,4.1531789,51.0630042
La Zubia,-3.5850833,37.1206862
Csömör,19.2242144,47.5489158
Murcia,-1.1305431,37.9923795
Siachoque,-73.211985110575,5.4879559
Tolmezzo,13.0561666,46.4295026
Abergavenny,-3.0147935,51.8213212
Gavardo,10.438237,45.5846274
Bourg-la-Reine,2.316085,48.7795178
Unna,7.689014,51.5348835
Leaburu,-2.052317,43.1246812
Birmingham,-1.9026911,52.4796992
Ezkio-Itsaso,-2.2706536547159506,43.083102499999995
La Unión,-86.70201646061182,15.11109265
Bonheiden,4.537821777907236,51.0261294
Mula,-1.4906872,38.0418669
Rotterdam,4.47775,51.9244424
Nizhny Novgorod,44.0051395,56.3264816
Adigrat,39.4614983,14.2774132
Třebíč,15.8816091,49.2151907
Roosendaal,4.4561276,51.5331484
Weinitzen,15.483534191382372,47.1436435
Považská Bystrica,18.4469936,49.1159316
Šilutė,21.4605697,55.3413747
Nara,166.93479227083333,-0.5275000000000001
Artà,3.3506343,39.6950088
La Chaux-de-Fonds,6.8325778,47.1031321
Langon,-0.2449274,44.5530659
Sacile,12.503368,45.95386
Bellville,-96.2571858,29.9502253
Maubeuge,3.9674127,50.2796417
Tselinograd,71.4306682,51.1282205
Winchester,-1.3131692,51.0612766
Sopron,16.5983457,47.6803063
Schalkwijk,5.1907825,51.9931917
Ruokolahti,28.8295473,61.2912416
Trente,11.1257601,46.0664228
Saint-Claude,5.901811795043381,46.409451649999994
Zipaquirá,-74.0039818,5.0234748
Grimstad,8.712829118742853,58.2839967
Prague,14.446459273258009,50.0596288
Dolenje Kronovo,15.2569198,45.8550485
Bytów,17.4890263,54.1694592
Bellano,9.317714004967515,46.046114700000004
Ravenna,12.059009490863945,44.364060699999996
Rønne,14.7060906,55.0994511
Lisbon,-9.1365919,38.7077507
Kolding,9.47905,55.4894999
Coruche,-8.5283498,38.958218
Besançon,6.0243622,47.2380222
Isola della Scala,11.0068888,45.2731049
Zottegem,3.8103878,50.869252
Besnate,8.7683151,45.7001654
Hoorn,5.067726588147824,52.622545450000004
Zandvoort,4.5307624,52.3713394
Chinon,0.2402095,47.1667182
Santurtzi,-3.0318766,43.3287527
Nagoya,136.8998438,35.1851045
Metlika,15.3174483,45.6501029
Grandate,9.057838,45.775177
Padrón,-8.6292056,42.7510147
Nußdorf-Debant,12.806,46.8373
Kostanay,62.9372689,52.0615626
Marco de Canavezes,-8.12779201865893,41.1616546
Talgar,77.2395288,43.3027233
Gulbene,26.7514713,57.1759721
Maastricht,5.6909768,50.8512438
Torrevieja,-0.6828446,37.9775416
Villafranca de los Caballeros,-3.3598689,39.4263038
Pariaguán,-64.7141001,8.844488
Orkdal,9.814118350000005,63.2644545
Pescia,10.6897811,43.90171
Genemuiden,6.0423473,52.6229099
Eefde,6.2269387,52.1709839
Argamasilla de Alba,-3.0903226,39.1286071
San Daniele del Friuli,13.02187583988541,46.1686201
Kuurne,3.273225848187743,50.8598118
Laval,-0.7734022,48.0706687
Givors,4.7696529,45.5844238
Bergamo,9.754219200862249,45.756655699999996
Haugesund,5.082761213563481,59.46824785
Gorizia,13.6252288,45.9441278
Ereğli,31.630499972188137,41.2413814
Deil,5.2432612,51.88556
Frutigen,7.6444369,46.5874205
Rijeka,14.4412309,45.3271752
Mañaria,-2.6608199,43.1383492
Riva del Garda,10.8396942,45.8847708
Hamilton,-79.8728583,43.2560802
Banská Bystrica,19.1573494,48.7384028
Hofstade,4.4938796,50.9912146
Cologne,6.959974,50.938361
Verviers,5.867828,50.59324
Annemasse,6.2341093,46.1934005
Anoeta,-2.0712454,43.1620711
San Donà di Piave,12.5641057,45.6294811
Marbella,-4.88562,36.508976
Dourdan,2.0153689,48.5288442
Gerindote,-4.3022455,39.9655586
Bendigo,144.2825931,-36.7588767
Stord,5.488370639966453,59.82502055
Santiago,-70.6504502,-33.4377756
Burlada,-1.614076,42.8230299
Virginia,-78.4927721,37.1232245
Pitalito,-76.10213621847218,1.8171632
Saint-Martin-d'Hères,5.75448,45.1836683
Melun,2.6608169,48.539927
Pasca,-74.27788845286062,4.29722035
Palo Alto,-122.1598465,37.4443293
Miri,113.9880255,4.392739
Como,9.149410145408947,45.939475900000005
Assen,6.560498,52.9952273
Gliwice,18.662347227971978,50.30113145
Bergara,-2.4133452,43.1175442
Rudsbygd,10.3171671,61.1902162
Isernia,14.208061831039291,41.64950915
Ferizaj,21.1532848,42.3682168
Cocentaina,-0.4400707,38.744158
Grudziądz,18.761893676880046,53.47251195
Asmara,38.9326763,15.3389667
Žilina,18.7393139,49.2234674
Orsha,30.4254486,54.5119008
Valby,12.5169523,55.6618019
Lindenberg im Allgäu,9.8863905,47.6015641
Salt Lake City,-111.8867975,40.7596198
Zevio,11.1358815,45.3751312
Montreal,-73.5698065,45.5031824
Aalst,4.0392147,50.9383226
Aarau,8.0444448,47.3927146
Boulogne-Billancourt,2.240206,48.8356649
Tricht,5.2700796,51.8890722
Zwenkau,12.324152,51.2182735
Nijyn,31.8806289,51.0464747
Halle,11.9705452,51.4825041
Cottbus,14.3357307,51.7567447
Saint-Brieuc,-2.7603283,48.5141134
Anadia,-36.3052699,-9.6830208
Bassano del Grappa,11.7343469,45.7669109
Zumaia,-2.2571182,43.296653
Alcantarilla,-1.214954,37.9680342
Montreux,6.9129921,46.4310831
Lliçà d'Amunt,2.2397066,41.6104867
Oltre il Colle,9.769252,45.889487
Trondheim,10.3951929,63.4305658
Lugano,8.9520281,46.0050102
Astana,71.4306682,51.1282205
Sorengo,8.9351621,46.0005701
Freiburg im Breisgau,7.8494005,47.9960901
Ronse,3.6014476899065855,50.7526199
Burgos,-3.681247658403683,42.34484975
Oviedo,-5.8450534,43.3604218
El Barraco,-4.6406605,40.4753014
Dohňany,18.2865248,49.1480241
Wil,-84.5923785,41.5018224
Rodez,2.5727883,44.3513062
Ysselsteyn,5.8961579,51.4899045
Siegsdorf,12.6428177,47.8233812
Beckum,8.041135,51.7555148
Lembeye,-0.1120696,43.4490168
Senlis,2.1523287,50.5331612
Stockholm,18.0710935,59.3251172
Gifu-shi,136.7627526,35.4230949
Nuneaton,-1.4684488,52.5246182
Wilnis,4.899067,52.195378
Wangen im Allgäu,9.8342247,47.6856552
Fermo,13.638768067263769,43.0922489
Coutances,-1.4454857,49.047792
Bonn,7.10066,50.735851
Paredes,-2.8544122,40.0659163
Winterthur,8.7291498,47.4991723
Coyhaique,-72.0684863,-45.5711804
Dunston,-1.6459388,54.953926
Mota del Cuervo,-2.8711089,39.5009343
Wigan,-2.6264624,53.5457188
Tromsø,18.9543434,69.649208
Montería,-75.8786806,8.7509361
Itsasondo,-2.1672356,43.0678266
Hudson,-74.0550731,40.7381635
Huesca,-0.029802662719165485,42.13606145
Ulft,6.3784647,51.898124
Vitebsk,30.2070437,55.1930197
Bünde,8.5827558,52.2003644
Heltersberg,7.7145773,49.3123788
Bornem,4.238967723449794,51.09096325
Huamantla,-97.91456648961159,19.32333185
Tokyo,139.7594549,35.6828387
Herk-de-Stad,5.188430186895337,50.922291099999995
Morlaix,-3.8331972,48.5824932
Launceston,147.1373496,-41.4340813
Vancouver,-123.113952,49.2608724
Saguenay,-71.069183,48.405959
Saint-Hilaire-du-Harcouët,-1.085461778865405,48.5714837
's-Gravenzande,4.1603759,52.0028294
Santa Martha de Cuba,-77.7510525,0.6370627
Canberra,149.1012676,-35.2975906
Alcanar,0.4808409,40.5438634
Barredos,-5.5732961,43.2596743
Estella,-2.0314834,42.672094
Salamanca,-5.6640182,40.9651572
Dubnica nad Váhom,18.1662967,48.9574049
Poggibonsi,11.1483367,43.4650284
Strib,9.7763619,55.5369188
Tunis,9.400138,33.8439408
Diepenveen,6.1459232,52.2881152
Tokoroa,175.8705389,-38.2168677
Hemberg,9.1756588,47.3004656
Dundrum,-6.2433756,53.2891457
Brusque,2.9490127,43.7676064
Weilheim an der Teck,9.5381895,48.6173986
Varsseveld,6.4636436,51.9438019
Ponte San Pietro,9.57797407405293,45.70037135
Houston,-95.3676974,29.7589382
Évian-les-Bains,6.581331041801459,46.3910965
Leningrad,30.380619357025516,59.917857350000006
San Sébastian,-1.9838889,43.3224219
Tongeren,5.4639172,50.7806267
Olot,2.4890211,42.1822177
Ávila,-4.7002172,40.656478
Oural,60.115404,65.0331721
Prescott,-112.4687616,34.5399962
Ribeirão Prêto,-47.8066671,-21.178333
Kemerovo,86.06040533437402,55.4007394
Vallese,7.6605757,46.2303063
Galdakao,-2.8453385,43.2332639
Yarumal,-75.40851795863496,7.00802055
Villapinzón,-73.58989,5.2215207
Vittorio Veneto,12.2964361,45.9896648
Lanciano,14.3907794,42.2305316
Roeselare,3.124765,50.9444948
Jilemnice,15.5064747,50.6091761
Guelmim,-10.0574351,28.9863852
Luyksgestel,5.3212714,51.288718
Florence,11.2555757,43.7698712
Frederiksberg,12.5326186,55.678016
Policoro,16.6763759,40.2104595
Trento,11.129840331695068,46.1030443
Beauvais,2.0823355,49.4300997
El Cerrito,-117.52079778811958,33.8410146
Adal-Treto,-3.4741282,43.3910284
Moravská Třebová,16.6641472,49.7581546
De Lier,4.2471322,51.9751843
Pavullo nel Frignano,10.8341135,44.339694
Zwevezele,3.2106957,51.0361481
Ruurlo,6.4493595,52.087683
Tilburg,5.066061908648313,51.585618749999995
Smiltene,25.9045413,57.4243197
Lakewood,-105.0846694,39.7085736
Kumla,15.12055664259079,59.1179611
Skopje,21.4316495,41.9960924
Manciano,11.5159878,42.5873361
Scone,-3.39916,56.4204776
Menfi,12.974893210474647,37.6077574
Morbegno,9.5694656,46.1321629
Hazebrouck,2.5360331,50.7226113
Füzuli,47.38069980839441,39.58356755
Abadiño,-2.6079995,43.1526506
Lausanne,6.6327025,46.5218269
Syracuse,15.2907196,37.0646139
Tunja,-73.3616014,5.5324313
Oteiza,-1.9537957,42.6194776
Vienne,16.3725042,48.2083537
Reggio Calabria,15.6397556,38.1035389
Piestany,17.8213848,48.5895247
Pamplona,-1.6442556,42.8184538
Wels,-3.73893,52.2928116
Coni,7.558136691151624,44.45807035
Eindhoven,5.478633,51.4392648
Asola,10.4130654,45.2211195
Kyiv,30.5241361,50.4500336
Lanškroun,16.6118541,49.9124356
Cesenatico,12.3969692,44.1999283
Sempeter pri Gorici,13.6398587,45.9303401
Imizu,137.0753818,36.7304657
Casorate Primo,9.012399655198056,45.303051749999995
Montijo,-6.6151799,38.9098936
Yerseke,4.0452502,51.4935582
Pau,-0.3685668,43.2957547
Xeraco,-0.2152033,39.0331946
Valence,-0.3763353,39.4697065
Tampere,23.7603118,61.4980214
Dudelange,6.0847792,49.4786477
Zumarraga,-2.3140925,43.0859968
Niort,-0.4649403,46.3241132
Mek'ele,39.4768259,13.4966644
Montecchio Maggiore,11.4084448,45.5050793
Emmen,6.952513466208563,52.75286615
Cape Town,18.417396,-33.928992
Nice,7.2683912,43.7009358
Saint-Gaudens,0.7247218,43.1077682
Torrelaguna,-3.538293,40.8277273
Lovere,10.0752136,45.8168815
Taupo,176.1100967407894,-38.799366199999994
Giussano,9.2097294,45.6993814
Ostrów Wielkopolski,17.80376070395092,51.6471864
Tregnago,11.160427070704847,45.52873745
Riga,24.1051846,56.9493977
Pontedera,10.6354851,43.6634536
Hasle,14.707098780890803,55.182416950000004
Cardiff,-3.1791934,51.4816546
Galmaarden,3.9568999959619333,50.757301299999995
Lecco,9.41202482143963,45.9005485
Helsinki,24.9427473,60.1674881
Carcassonne,2.3491069,43.2130358
Sansepolcro,12.1403766,43.5700776
Frankfurt am Main,8.6820917,50.1106444
Hoylake,-3.1783429,53.3917719
Alba,-4.1140518,56.7861112
Albi,2.147899,43.9277552
Durango,-104.833333,24.833333
Onze-Lieve-Vrouw-Waver,4.580497434016786,51.060913799999994
Cali,-76.5324943,3.4517923
Ragusa,18.094680152605108,42.64873625
Panevėžys,24.3578055,55.7344985
Urrao,-76.1344983,6.3168685
Bülach,8.5407118,47.5172321
El Carmelo,-77.5891866,0.6694038
Troyes,4.0746257,48.2971626
Galapagar,-4.0037748,40.5774992
Te Anau,167.717489,-45.41449
Sarrià de Ter,2.8175976,42.0141923
Mantua,10.670836515673878,45.1692628
Holmfirth,-1.7870301,53.5703517
Kirchheim unter Teck,9.4510227,48.6480545
Sauveterre-de-Béarn,-0.9387697,43.3993587
Oxford,-1.2578499,51.7520131
Denver,-104.9848623,39.7392364
Nouméa,166.442419,-22.2745264
Chíquiza,-73.4849171,5.6053336
Slagelse,11.333716594292895,55.397636750000004
Herrenberg,8.8671496,48.5956244
Rocourt,5.743120829673061,48.1075871
Santander,-3.8099719,43.4620412
Travanca,-8.569779760353319,40.905099699999994
Kamnik,14.6118936,46.2257358
Clonsilla,-6.416667,53.383333
Carrick-on-Suir,-7.413056,52.349167
Malvern,-2.3258985,52.1159559
Warragul,145.933629,-38.1588674
Auckland,174.7631803,-36.852095
Elsene,4.3668279,50.8331141
Boise,-116.200886,43.6166163
Gent,3.7250121,51.0538286
Toruń,18.596583144651557,53.0145361
Salete,-50.0076205,-26.9841891
Armidale,151.6656564,-30.5144881
Dortmund,7.4652789,51.5142273
Veurne,2.6621323,51.0724273
Mâcon,4.8322266,46.3036683
Graz,15.4382786,47.0708678
Vilnius,25.2829111,54.6870458
Stuttgart,9.1800132,48.7784485
Mirano,9.1896346,45.4641943
Rionegro,-75.3741691,6.1536166
Schiedam,4.386451052615731,51.9300454
Oslo,10.7389701,59.9133301
Wołomin,21.2420179,52.3468689
Boulogne-sur-Mer,1.6118771,50.7259985
Vienne,16.3725042,48.2083537
Gengenbach,8.0153059,48.4035425
Decatur,-88.9524151,39.8454163
Guachucal,-77.7333581,0.9573434
Donetsk,37.8013407,48.0158753
Aarhus,10.2134046,56.1496278
Lannion,-3.4587994,48.7322183
Münster,7.6251879,51.9625101
Cecina,10.5173443,43.3113449
Kraljevo,20.6870792,43.7234519
Derby,-1.4761491,52.9212617
Mariquita,-74.8939527,5.1974195
Middelburg,3.6136962,51.4997302
Castro Marim,-7.4457102,37.2179367
Barcelona,2.1774322,41.3828939
Libourne,-0.2427217,44.9133742
Southampton,-1.404189,50.9025349
Geneva,6.1466014,46.2017559
Ararat,44.2983964,39.7019346
Sankt Veit an der Glan,14.3576981,46.7672814
Vršac,21.2960485,45.1211263
Mozyr,29.2667179,52.0475464
Kuldīga,21.9606758,56.9685951
Rostock,12.1286127,54.0924445
Domžale,14.5944553,46.1394296
Wijnegem,4.5225318,51.2270761
Beveren,4.249081329859443,51.21288495
Aartrijke,3.090309,51.1191622
Melito Porto Salvo,15.7778568,37.9203843
Oppegård,10.8128583,59.766975
Wrocław,16.97819633051261,51.1263106
Agurain,-2.3890592,42.8492823
Wijnjewoude,6.2037706,53.0578489
Snoqualmie,-121.8270932,47.5289527
Jarocin,17.5011254,51.9739233
Silkeborg,9.5495141,56.169453
Herentals,4.8362595,51.1765426
Berdsk,83.1068095,54.75795
Gualdo Tadino,12.7809617,43.2316518
Guernica-Luno,-2.6778511,43.3143628
Bogota,-74.083652,4.6533326
Porreres,3.0227517,39.5168891
Tabriz,46.2961952,38.0739964
Kollum,6.148734,53.279805
Waipukurau,176.5605821,-39.9910422
New Orleans,-90.0782127,29.9759983
Versailles,2.1266886,48.8035403
Abano Terme,11.7897833,45.3603142
Zvolen,19.1247135,48.5782517
Kayonza,32.855278,0.885833
Groenlo,6.6170412,52.0425903
Galten,8.497401024570307,58.432715
Venhuizen,5.1997975,52.6626396
Brisbane,153.0234991,-27.4689682
Middelfart,9.93698091984884,55.4470245
Forst,7.6827244,50.8043254
Pontevedra,-8.4714942,42.6075172
Kranj,14.3549501,46.2432635
Ústí nad Orlicí,16.3941695,49.9737603
Negrar,10.9400217,45.5296706
Enkhuizen,5.2901222,52.7036282
Ibarra,-2.0622574,43.1316471
Denderhoutem,4.0180839,50.8717796
Renazé,-1.0557842,47.793333
Tres Cantos,-3.7065333,40.6065826
Hennebont,-3.2751174,47.8058026
Nambour,152.959953,-26.6257326
Herning,8.9746623,56.1379757
St. Catharines,-79.2441003,43.1579812
Noisy-le-Sec,2.4516055,48.8897751
Magenta,3.965783,49.0515653
Mol,14.595614,41.684672
Pordenone,12.6597197,45.9562503
Austin,-97.7436995,30.2711286
Santa Rosa de Cabal,-75.6212436,4.8650127
Neerpelt,5.4314419,51.2289746
Lemele,6.4137203,52.4535194
Waregem,3.4323622,50.8868222
Dippach,5.9814794,49.587507
Ciechanów,20.606245921754713,52.871204399999996
Chisinau,28.8322923,47.0245117
Vyborg,28.744051,60.709217
Ossa de Montiel,-2.7453748,38.9625266
Moscow,37.6174943,55.7504461
Tula,1.7706797,45.2678347
Alost,4.0392147,50.9383226
Oldham,-102.6193428,35.3907651
Ishigaki,124.1577569,24.3382831
Höganäs,12.566667,56.2
Chiari,9.928846,45.5364624
Leeuwarden,5.7918548,53.2005936
Enter,6.5773972,52.2951807
Rancho Santa Margarita,-117.6029341,33.6408845
Wadowice,19.4925345,49.8834484
Birkenhead,-3.0191569,53.3943509
Modi'in,34.90024902914908,32.13705075
Grenaa,10.8793137,56.4134419
Chania,24.0191544,35.5120831
Zaandam,4.8298607,52.4424926
Strovolos,33.3454972,35.1328993
Braunau am Inn,13.039506,48.253136
Ventaquemada,-73.5216361,5.3666155
Aktobe,57.2298651,50.2836268
Remiremont,6.583526275848484,48.0032822
Walnut Creek,-122.0618702,37.9020731
Wilrijk,4.3942577,51.1700864
Huskvarna,14.2739261,57.7918701
Delft,4.362724538543995,51.999457199999995
Plouagat,-2.988803807818267,48.531014400000004
San Lorenzo de El Escorial,-4.1471642,40.5926673
Sevenoaks,0.1961165562194977,51.27452185
Saint-Nazaire,-2.2138905,47.2733517
Kraków,19.9368564,50.0619474
Erba,9.231242,45.80958
Aleppo,37.1637253,36.19924
Kortrijk,3.2659884,50.8276429
Landivisiau,-4.0699356,48.5127551
Penamaior,-8.4127999,41.2875406
Potsdam,13.0591397,52.4009309
El Coco,-84.966631,13.8199321
Feldkirch,7.2730686,47.8647485
Ottignies-Louvain-la-Neuve,4.5674107,50.6654216
"Doylestown, PA",-75.1304588,40.3100446
Lier,4.5696516,51.131069
Harkema,6.1368138,53.1843251
Eeklo,3.5665965,51.1844827
Jonzac,-0.4320984,45.4454469
Aranda de Duero,-3.6851172,41.6715067
Azpeitia,-2.2657422,43.1838618
Milano,9.1896346,45.4641943
Pazardzhik,24.153175862220515,42.1487425
Hout Bay,18.355645,-34.043093
Pesca,-73.0514809,5.5582793
Springs,-72.15937198654441,41.021636
Barbastro,0.127238,42.0366952
Biskupiec,20.95518,53.8688
Zestoa,-2.2585203,43.2401376
Odemira,-8.6422,37.5976
Llofriu,3.1323026,41.9304586
Mons,3.951958,50.4549568
Wakefield,-1.4967286,53.6829541
Viana do Castelo,-8.523255293554344,41.8803257
Klaipėda,21.1350469,55.7127529
Vic,144.6780052,-36.5986096
Borgomanero,8.4623673,45.6989107
Nivelles,4.3235854,50.5976885
Algiers,3.0601882,36.7753606
Çumra,32.7811767,37.5713333
Casablanca,-7.6187768,33.5950627
Bergen op Zoom,4.289740797263708,51.4965864
Soacha,-74.2197178,4.5821413
Sint-Niklaas,4.1395124,51.1646685
Monaco,7.424224092532953,43.73844905
Pasaia,-1.9200587,43.3239952
Roeselare,3.124765,50.9444948
Brugge,3.226772,51.2085526
León,-5.971415104539984,42.63414505
Randvere,22.999789486266756,58.3836097
Gmunden,13.8003048,47.9185855
Modi`in,34.90024902914908,32.13705075
Beauvais,2.0823355,49.4300997
Nowshahr,51.5034126,36.6508069
Saint-Pierre-sur-Dives,-0.035454449487765057,49.0143035
Fusagasugá,-74.3644854,4.3369235
Brest,-4.4860088,48.3905283
Słubice,14.549452,52.3412273
Kingston,-76.7928128,17.9712148
Oostende,2.919496,51.2258565
Puerto de Béjar,-5.8388761,40.350033
Johannesburg,28.049722,-26.205
Trbovlje,15.0540204,46.1558964
Camposampiero,11.9319294,45.57176
Hackney,-0.0493621,51.5432402
Karachi,67.0207055,24.8546842
Opoczno,20.2931754,51.3782439
Khor Fakkan,56.3478105,25.3491721
Sedan,4.9433409,49.7033759
Dundee,-2.97019,56.4605938
Jablonec nad Nisou,15.1710958,50.7240899
Bendigo,144.2825931,-36.7588767
Worcester,-71.8018877,42.2625621
Greve Strand,12.2999286,55.5833746
Arnhem,5.9108573,51.984257
Maykop,40.104053,44.6062079
Lydenburg,30.458881,-25.099437
Sendai,140.8691498,38.2677554
Jonava,24.2756961,55.0737086
Poznań,16.91973259178088,52.4006632
Jesenice,14.0623337,46.4323791
Manosque,5.7826657,43.8338026
Banteer,-8.8937837,52.1297639
Victoria,144.6780052,-36.5986096
Bragança,-6.773302360533066,41.5084468
Invercargill,168.3470632,-46.4118465
Sandweiler,6.2173651,49.616081
Herbeys,5.793088,45.1390486
Holmfirth,-1.7870301,53.5703517
Kluczbork,18.2140089,50.9730701
Perth,115.8605801,-31.9558964
Darlington,-1.5555812,54.5242081
Bălți,27.928665,47.7623599
Giussano,9.2097294,45.6993814
Saint-Denis,2.3580232,48.935773
Argentan,-0.0223695,48.7428859
Sydney,151.2082848,-33.8698439
Rocourt,5.743120829673061,48.1075871
Tuta,-73.18705631500403,5.67861455
Uharte Arakil,-1.9687562,42.9199485
Crevillent,-0.8111359,38.2493099
Taupaki,174.5504354,-36.8209613
Les Essarts,0.9921207721113022,48.880996999999994
Cles,11.0332447,46.3652616
Nowy Sącz,20.714936589668028,49.61030395
Leudelange,6.0673211,49.5660842
Loja,-4.1496374,37.1664839
Meikirch,7.3634614,47.0088655
Verbania,8.5580062,45.9344082
Igorre,-2.7783435,43.1642445
Bassano del Grappa,11.7343469,45.7669109
Cork,-8.4654674,51.897077
Marang,103.1666667,5.1666667
Verkhnyaya Pyshma,60.5738926,56.9724682
Beverwijk,4.6603502,52.4876371
Lonlay-l'Abbaye,-0.7100244,48.6458961
Peschiera del Garda,10.6920171,45.4389454
Kapellen,4.4295354,51.3149455
Trabzon,39.7257547,41.0062202
Sandy Bay,-5.340298690428538,36.1307844
Coimbra,-8.4294632,40.2111931
Bavikhove,3.3113418,50.8754034
The Hague,4.3113461,52.0799838
Namur,4.8661892,50.4665284
Zwickau,12.4939267,50.7185043
Będzin,19.117425848419487,50.3359753
Heeswijk,4.9656106,52.0517706
Krotoszyn,17.4374158,51.695926
Leuven,4.7011675,50.879202
Blacktown,150.86483553289474,-33.7401885
Novyy,95.5348869604712,76.5691648
Moorslede,3.0732110598481244,50.89008225
Chernihiv,31.7417235,51.272593
Judenburg,14.6601079,47.1694082
Omsk,73.371529,54.991375
Flawil,9.1861489,47.414613
La Garenne-Colombes,2.2465748,48.9069349
Bellano,9.317714004967515,46.046114700000004
Leipzig,12.3747329,51.3406321
Nevers,3.1577203,46.9876601
Moergestel,5.1805818,51.5448378
Zenica,17.9093012,44.199828
El Ejido,-2.8168228,36.7753425
Dolo,-2.3322827585741326,48.38102515
Aberystwyth,-4.0816846,52.4143113
Rotherham,-1.355187,53.4310417
Machecoul,-1.848034198853211,46.9919694
Poeldijk,4.218242,52.0225167
Hoensbroek,5.9293862,50.9239397
Almodôvar,-8.070988093407168,37.47508055
Winsen,10.01568,53.8320018
Épinal,6.491009924879533,48.1637433
Dana Point,-117.6981075,33.4669721
Śrem,15.925648660544672,51.6516697
Thorne,-76.426058501174,45.7457775
Alfaro,-1.7492454,42.1785741
Skała,19.853537,50.2303769
Mont Saint Aignan,1.0813,49.4679
Hamburg,10.000654,53.550341
Mödling,16.2833526,48.0855922
Kibæk,8.8583992,56.0349566
Frosinone,13.575754531597315,41.6282513
Argenteuil,2.2481797,48.9479069
Vesoul,6.1544694,47.6197395
Izegem,3.2090654210556964,50.913822249999996
Wolverhampton,-2.127567,52.5847651
Köln,6.959974,50.938361
Bayeux,-0.7024738,49.2764624
Sannohe,141.2587719,40.3782546
Mestre,12.2418053,45.4943063
Brugg,8.2085662,47.4824633
Wageningen,5.668298061827958,51.9685817
Gånghester,13.0235957,57.701552
Ekeren,4.4209857,51.2781955
Caracas,-66.9146017,10.506098
Bilzen,5.5181089,50.8707787
Sanok,22.211701678304745,49.5567406
Santo Antônio de Platina,-49.9616306,-23.7819083
Oskarshamn,16.4443478,57.2632811
Kokshetau,69.3814676,53.2852054
Alcabideche,-9.4090463,38.7338374
Germersheim,8.36659,49.2222749
Wervik,3.0439698,50.7782244
La Seyne-sur-Mer,5.8788948,43.1007714
Jindivick,145.8994994,-38.0273007
Koziegłowy,19.1615203,50.5978707
Rawson,-65.1056655,-43.2991348
Drammen,10.175641950012762,59.6964936
Vitry-sur-Seine,2.39164,48.7876
Saint-Doulchard,2.359048438705784,47.111663300000004
Delfzijl,6.9135144,53.3325644
Pocito,-68.58505186455457,-31.7386555
El Carmen de Viboral,-75.26078014254009,5.98195145
Nysa,17.3324733,50.4738029
Túquerres,-77.6188242,1.0877024
Ochlenberg,7.7357217,47.1501818
Šternberk,17.2988474,49.730712
Quito,-78.5123274,-0.2201641
Athens,23.7283052,37.9839412
Veenendaal,5.551800233162295,52.02320415
Moaña,-8.7356868,42.2816553
Don Benito,-5.8619466,38.9540269
Bornholm,14.922572806434074,55.1432481
Zegartowice,18.5233599,53.2440545
Gadstrup,9.8813149,55.4370469
Sora,2.1610531,42.1119353
Amos,-78.1160856,48.5718519
Voorburg,4.3558561,52.0703201
Boża Wola,19.32942,52.19899
Dubăsari,29.1493655,47.2687548
Angers,-0.5515588,47.4739884
Ewell,-0.2511759,51.3502402
Salvatierra,-100.86599313440021,20.192654599999997
Tabriz,46.2961952,38.0739964
Corneliano d'Alba,7.9598508,44.7359369
Gleizé,4.6971455,45.9888277
Ses Salines,3.054137,39.3391978
Yekaterinburg,60.60825,56.839104
Hořice,15.6321735,50.3665337
Voronej,39.2005858,51.6605982
Glarus,9.108812,46.9796562
Pierre Bénite,4.8241323,45.7028321
Cómbita,-73.30920200943183,5.68998355
Évreux,1.1510164,49.0268903
Khabarovsk,136.121524,51.6312684
Bocholt,6.6148669,51.8382715
Tábor,14.6587234,49.4141533
Venice,12.3345898,45.4371908
Segovia,-4.1241494,40.9502159
Vingrom,10.4296109,61.0461223
Buenos Aires,-58.4370894,-34.6075682
Tellego,-5.867483,43.2987304
Kemmel,2.8258709,50.7828552
Linz,14.286198,48.3059078
Osio Sotto,9.589053,45.616078
Rennes,-1.6800198,48.1113387
Marseille,5.3699525,43.2961743
Benenden,0.5734333006545331,51.0644946
Forlì,12.041273,44.2227278
Rovereto,11.0452369,45.886548
Fergana,71.78755737387597,40.3983651
Chiang Mai,98.9858802,18.7882778
Roscommon,-84.6165164,44.3326932
Thiene,11.4802561,45.7057667
Toulouse,1.4442469,43.6044622
Villeurbanne,4.886899,45.7733124
Acevedo,-75.888501,1.8070452
Berlare,4.011347029715423,51.0301606
Zürich,8.5410422,47.3744489
Eaubonne,2.2794326,48.9906696
Albuquerque,-106.650985,35.0841034
Kediri,112.16852174866582,-7.8057219
Ham,3.0733031,49.746322
Hellendoorn,6.451511548705841,52.39046275
Arbon,0.747026,43.0007
Aurillac,2.4433101,44.9285441
Weinfelden,9.1097539,47.5669187
Nevsehir,34.7194168,38.7235072
Planá,14.4527685,48.94367
Ospitaletto,10.077756233012778,45.55267525
Murgia,-2.809310915936436,42.9649886
Brindisi,17.688443357842537,40.63591975
Hong Kong,114.1628131,22.2793278
Chieti,14.415935252272542,42.10271755
Bordighera,7.6591094,43.7850512
Saku,138.4767695,36.2488014
Nuremberg,11.077298,49.453872
Maryborough,152.7019182,-25.537583
Sint-Eloois-Vijve,3.3942382433841307,50.89998815
Lumbier,-1.3083408,42.6522082
Morges,6.498317,46.5093268
Paipa,-73.1176532,5.7812701
Lommel,5.3076895,51.2305657
Albertville,6.3925417,45.6754622
El Escorial,-4.1281427,40.5836411
Samarate,8.7843049,45.6281817
Bodø,14.3817466,67.2844323
Chełmża,18.612554539775385,53.1923757
Alcalá del Valle,-5.1720759,36.9044094
Kuressaare,22.4849207,58.2527693
Goiânia,-49.2532691,-16.680882
Bern,7.4514512,46.9482713
Al-Qatif,49.933333,26.616667
Avenhorn,4.9488205,52.6178901
Barinas,-69.833333,8.166667
Altdorf,8.6413922,46.8820732
Pittsford,-77.515298,43.090959
Brno,16.6113382,49.1922443
Skien,9.531135447537467,59.2662883
Weimar,11.3296637,50.9810486
Lecco,9.41202482143963,45.9005485
Savigliano,7.655929,44.644037
La Ceja,-75.4467398934149,5.985242250000001
Padua,11.8734455,45.4077172
Inverell,151.17706931836153,-29.43679805
Vinnytsia,28.516068,48.8990315
Bergen,5.3259192,60.3943055
Valognes,-1.4708174,49.5089547
Arkhangelsk,40.537121,64.543022
Drøbak,10.645472201743269,59.66927595
Purmerend,4.964420036889974,52.4997208
Mount Cotton,153.22033585670954,-27.6189675
Annaberg-Buchholz,13.0106108,50.5788781
Donja Stubica,15.970918,45.9801358
Beaupréau,-0.985013628460941,47.2122889
Rijsenhout,4.7117076,52.2575657
Valencia,-0.3763353,39.4697065
Blovstrød,12.3867403,55.8696127
Mataram,116.10685,-8.5837726
Kirawsk,29.4716,53.27022
Amiens,2.2956951,49.8941708
Gersau,8.5264727,46.9923
Macon,-83.6324022,32.8406946
Ringerike,10.021763528256955,60.327406249999996
Guastalla,10.6539985,44.9211516
Faenza,11.8832055,44.2855555
Madrigueras,-1.8001238,39.2370979
Winterthur,8.7291498,47.4991723
Tiel,5.430438174137935,51.892425349999996
Sutton Coldfield,-1.8239794,52.5623089
De Meern,5.0363571,52.0811781
Taganrog,38.9285216,47.2153657
Jette,4.3245702,50.8759585
Bombarral,-9.1581431,39.2668047
Bilbao,-2.9350039,43.2630018
Novo Mesto,15.1696684,45.8040475
Joigny,3.4084784023179155,48.00931955
Novo mesto,15.1696684,45.8040475
Eldoret,35.2715481,0.5198329
Taipei,121.5636796,25.0375198
Asse,4.2015646,50.9094333
Haelen,5.9541038,51.2365957
Avila,-4.7002172,40.656478
Mykolaiv,31.9442334,47.3886032
Lessen,3.8301131,50.7123036
İzmit,29.9497846,40.7718818
Varsenare,3.1433949,51.1900214
Tienen,4.946429213429422,50.80843175
Vazzola,12.3840639,45.8377671
Pretoria,28.1879101,-25.7459277
Kaltenbach,11.848679502634663,47.277054050000004
Frauenfeld,8.8963347,47.5561915
Marino,12.6586082,41.7697883
Vicenza,11.40635425660249,45.63485905
São Paio de Oleiros,-8.595722493757782,40.98792375
Dedham,-94.8222082,41.9063152
Gien,2.6313889,47.6918575
Tehran,51.3896004,35.6892523
Robasacco,8.9436521,46.142584
Esch-sur-Alzette,5.9850306,49.4959628
Brøndby,12.4217135,55.644111
L'Aigle,0.6278039,48.7651713
Perth,115.8605801,-31.9558964
Bordeaux,-0.5800364,44.841225
Massenhoven,4.6349603,51.1990199
Genk,5.5001456,50.9654864
San Sebastián de los Reyes,-3.6260586,40.5473698
Vetlanda,15.167830505066155,57.36554305
Canberra,149.1012676,-35.2975906
Kaunas,23.9044817,54.8982139
Vejle,9.5333238,55.7000057
Zwanenburg,4.7437441,52.3778643
Kilmacanogue,-6.1372989,53.168459
Doncaster,-1.1335312,53.5227681
Esbjerg,8.4520751,55.4664892
Kożuchów,15.5944541,51.7454762
Phayao,100.1854539,19.341673
Sevilla,-5.9953403,37.3886303
Vilanova i la Geltrú,1.7256327,41.2241992
Melbourne,144.9631608,-37.8142176
Peel,-4.6957105,54.2229326
Zschopau,13.087381424646635,50.738702700000005
Leeds,-1.5437941,53.7974185
Fredrikstad,10.868024107971442,59.186201249999996
Castiglione del Lago,12.04525,43.127141
Jarosław,39.8933705,57.6263877
Chiang Rai,99.6734592,19.7589517
Ukkel,4.3338445,50.8035441
Ventspils,21.5635991,57.3903918
Granada,-3.5995337,37.1734995
Albertslund,12.3562849,55.6586018
Villarreal,-0.1004465,39.9372616
Udine,13.2358377,46.0634632
La Louvière,4.1852682,50.479487
Numansdorp,4.4374377,51.7266233
Essen,7.0158171,51.4582235
Leuven,4.7011675,50.879202
Tucson,-110.9748477,32.2228765
Traverse City,-85.6165301,44.7606441
Guipavas,-4.400979,48.4346366
Gent,3.7250121,51.0538286
Rome,12.4829321,41.8933203
Værløse,12.383333,55.783333
Elbląg,19.4044583,54.1558708
Tielen,9.3348897,54.2855218
Żyrardów,20.44464353021984,52.05553205
Malle,4.6933094,51.2970123
Sabadell,2.1138977,41.5421013
Rollingen,6.4859151,49.0918098
Orthez,-0.7738363,43.4874963
Bad Radkersburg,15.9880546,46.6880556
Errenteria,-1.8986133,43.3125271
Tsukuba,140.0765098,36.0833877
Viveash,115.99693609210274,-31.876818
Nuenen,5.544006988824241,51.48603
Rouen,1.0939658,49.4404591
Zundert,4.654245796859225,51.48587835
Feuchtwangen,10.3313268,49.1678603
Ypres,2.891473683275896,50.85169675
Warrington,-2.5943178,53.3899497
Nelson,173.2836756,-41.2710849
Campbelltown,138.67972708186312,-34.8858442
San Gavino Monreale,8.791934,39.550941
Steinmaur,8.4555136,47.4989995
Weilen,8.7659561,48.1895422
Trikala,21.7678844,39.5560869
Uvarov,31.2654381,58.634991
Venray,5.972118187978204,51.5367139
Verdun,5.3867277,49.1589278
Altenkirchen,7.6377853203074615,50.6883603
Schijndel,5.4362541,51.6176954
Saint-Sébastien-sur-Loire,-1.4992075,47.2035029
Wellington,174.7772114,-41.2887953
Urnieta,-1.9917045,43.24687
Sangerhausen,11.2981851,51.4729797
Vöcklabruck,13.6460378,48.0078587
Richmond,-77.43428,37.5385087
Puzol,120.5151916,17.9388374
Melzo,9.4242513,45.4985848
Rimini,12.630768610516004,43.9470982
Erbach im Odenwald,8.9904559,49.6605315
Jajce,17.2705155,44.3395173
Valladolid,-4.728562,41.6521328
Reggio Emilia,10.594796841892734,44.608664
Chartres,1.4881434,48.4438601
Ermont,2.2585679,48.9917676
Randaberg,5.564876566360093,59.021066649999995
Bremerton,-122.6246836,47.5653663
Nes,11.455117948252838,60.1705037
La Mure,5.7871983,44.9038429
Stradella,9.306302718070341,45.078972050000004
Maldon,0.6843547574257541,51.7155563
Valkenburg,5.8312518,50.8647531
Limoges,1.2644847,45.8354243
Caravaggio,9.6437404,45.4972605
Tosu,130.5061966,33.3778536
Oldeberkoop,6.1301707,52.9384572
Queenstown,168.661,-45.0321923
Minsk,27.5618225,53.9024716
General Santos,125.1717145,6.112331
Sainte-Perpétue,-69.927292,47.057493
Cuneo,7.558136691151624,44.45807035
Meudon,2.2385432,48.8126688
Cantù,9.129103,45.7395347
Chigasaki,139.405371,35.329479
Wortegem-Petegem,3.5375547,50.8485315
La Ferté-Bernard,0.6554511,48.1860576
Pescara,13.95759010584892,42.3102619
Lebrija,-6.0764057,36.9193102
Weilheim in Oberbayern,11.1485495,47.8475207
Diksmuide,2.8647185,51.0333408
Puyricard,5.4206091,43.5826783
Waterford,-7.101787893040726,52.2449628
Rzeszów,22.016143457294312,50.013064
Jubail,49.6532161,27.0006968
Cranmore,-1.4483272,50.7123719
Moca,-70.5261566,19.394647
Medellín,-75.573553,6.2443382
Íscar,-4.5338953,41.3634512
Wejherowo,18.23178605516042,54.606068199999996
San Martín de la Vega,-3.5771806,40.2110462
Carmarthen,-4.3115907,51.8591257
Iville,0.9259754,49.1787345
Leitza,-1.9163064,43.0806959
Sint-Truiden,5.203424911603399,50.82694775
Vilagarcía de Arousa,-8.7669178,42.5947625
Deventer,6.236339604766698,52.2695736
Puertollano,-4.1111749,38.6852161
Libano,35.843409,33.8750629
Warwick,-1.5815742,52.2814519
Aix-en-Provence,5.4474738,43.5298424
Wettingen,8.3266114,47.465839
Petrovice,16.288996968673942,49.00250685
Oliveto Citra,15.2317822,40.6908078
Rijen,4.9184482,51.5900496
El Playón de San Francisco,-77.6239626,0.6381178
Russikon,8.776585,47.394837
Brañes,-4.8523171,43.354513
Nirgua,-68.5648854,10.1524823
Kovrov,41.3169929828466,56.355386100000004
Hyères,6.1301614,43.1202573
Nottingham,-1.1496461,52.9534193
Fougères,-1.1958526,48.3503362
Oullins,4.8039331,45.7153254
Pijavice,15.1629622,45.9699883
Rečyca,30.3860239,52.3717518
Toulon,5.9304919,43.1257311
Villamaría,-75.4534734191051,4.927292550000001
São Paulo,-46.6333824,-23.5506507
Borgo Valsugana,11.4566004,46.0533463
Santa Maria a Monte,10.6929976,43.6980639
Mogilev,30.3429838,53.9090245
Tirana,19.8184435,41.3281482
Langå,-4.8587225,41.0076625
Landerneau,-4.2557901,48.4514803
Luxembourg,6.1296751,49.8158683
Vizzolo Predabissi,9.348270647934076,45.35862285
Zierbena,-3.082039,43.3518319
Hjørring,9.9855998,57.457183
San Rafael,-122.5310874,37.9735346
Rocourt,5.743120829673061,48.1075871
Cartaxo,-8.7863222,39.1619462
Arras,2.7772211,50.291048
Düsseldorf,6.7763137,51.2254018
Wuppertal,7.1780374,51.264018
Hasselt,5.3378043,50.9303735
Stolberg,6.2295504,50.7702908
Westerlo,4.887377337903169,51.10600125
Vrbno pod Pradědem,17.3831569,50.1209513
Gifu,137.0460777,35.7867449
Skövde,13.8443792,58.3898453
Randers,10.0425957,56.4355428
Dijon,5.0414701,47.3215806
Bovolone,11.120366,45.2578098
Klanec,15.7438152,46.0507901
Snåsa,12.6227838648384,64.18526075
Birkerød,12.4287796,55.8403369
Bella Vista,-94.2669727,36.4678036
Oudenaarde,3.6041443,50.8433705
Herlev,12.429451647608477,55.733719300000004
Reckingen,8.2431589,46.4695629
Pavia,9.137825082826026,45.036854649999995
Ormaiztegi,-2.254814,43.0431256
Geuensee,8.1095256,47.2002101
Cambrai,3.2356613,50.1759602
Bakersfield,-119.0194639,35.3738712
Sofia,48.2562163,-15.2538402
Santa Ana,-117.8732213,33.7494951
Dunedin,170.5035755,-45.8740984
Turin,7.6824892,45.0677551
Ede,5.745510631034939,52.07168255
Pravia,-6.1491534714272085,43.48209035
Isola della Scala,11.0068888,45.2731049
Tashkent,69.2787079,41.3123363
Feuerthalen,8.64598,47.6914771
Harderwijk,5.640271521392062,52.33599915
Edinburgh,-3.1883749,55.9533456
Cabo Frio,-42.0189227,-22.8804369
Bagnères-de-Bigorre,0.1530914,43.0658212
Châteaulin,-4.0916875,48.1968026
Horebeke,3.6920346,50.8348628
Viriat,5.217143172032717,46.2521541
Hellerup,12.5655408,55.7336657
Villaba,124.3915957,11.2131875
Cittadella,11.7835801,45.6487941
Roggliswil,7.8827159,47.2111654
Klaipeda,21.1350469,55.7127529
Kielce,20.609914352101452,50.85403585
Helsinge,24.951987509736917,60.31919055
Bassano del Grappa,11.7343469,45.7669109
Reutum,6.845769,52.391015
Barakaldo,-2.9900933,43.29548
Mykolaiv,31.9442334,47.3886032
Antwerp,4.3997081,51.2211097
Hartberg,15.9691769,47.2809371
Moudon,6.8003478,46.6680664
Chambéry,5.9203636,45.5662672
Béziers,3.2131307,43.3426562
Kümmersbruck,11.8883978,49.4191932
Romans-sur-Isère,5.0528681,45.0458886
Pisa,10.4018624,43.7159395
La Roche-sur-Yon,-1.4269698,46.6705431
Mulhouse,7.3389937,47.7467233
Grenoble,5.7357819,45.1875602
Toronto,-79.3839347,43.6534817
Zwolle,6.0943765,52.5089759
Veldhoven,5.392731058176404,51.40770635
Willenhall,-2.0534738,52.5847624
Bury,2.3439338,49.3132772
Vientiane,102.6133707,17.9640988
Strasbourg,7.7507127,48.584614
Castrop-Rauxel,7.3106175,51.5646195
Mieres,-5.769931957999365,43.234995749999996
Detmold,8.8791526,51.936284
Bělkovice-Lašťany,17.3181635,49.6697764
Marbourg,0.3606336,46.5890448
Kökşetaw,69.3814676,53.2852054
Lavaur,1.0230515,44.6129697
Lviv,24.0315921,49.841952
Jihlava,15.5903065,49.396064
Salvaterra de Magos,-8.7929278,39.0249942
Caldas da Rainha,-9.1346004,39.4072118
Bayonne,-1.475099,43.4933379
San Bonifacio,11.2700817,45.3956425
Échirolles,5.71927,45.1437
Rheden,6.060504296329905,52.03136695
Ramiriquí,-73.30420599813321,5.3291259
Anderlecht,4.3296526,50.8390983
Beroun,14.0733907,49.9640292
Hoogland,5.3762224,52.1872469
Hoboken,-74.0323752,40.7433066
Angoulême,0.1576745,45.6512748
Aabenraa,9.4209667,55.0446228
Torino,7.6824892,45.0677551
Penrith,-2.7522047,54.6639133
Gooreind,4.5429215,51.3561633
Vierzon,2.0691421,47.2217489
Iseo,10.038340955037654,45.66550595
Longjumeau,2.2953297,48.6943793
Larrabetzu,-2.7959022,43.2612471
Zărnești,25.3160513,45.5595685
Béjar,-5.7649619,40.3865812
Hohenems,9.689271,47.3639973
Aranđelovac,20.5572396,44.3074611
Stavele,2.673321,50.9398411
Ipiales,-77.6402069,0.8278641
Saint-Quentin,3.2876843,49.8465253
Munich,11.5753822,48.1371079
Sint-Truiden,5.203424911603399,50.82694775
Nizhny Novgorod,44.0051395,56.3264816
Nairobi,36.8172449,-1.2832533
Södra Sandby,13.3474337,55.7171687
Haderslev,9.4997871,55.2500715
Hamont-Achel,5.5128696,51.2547636
Conflans-Sainte-Honorine,2.0949768,48.9938791
Freimettigen,7.6277729,46.8677101
Mantviliškis,23.8204235,55.4405508
Lamego,-7.814995487505705,41.0717403
Bertem,4.6306262,50.8659846
Facatativá,-74.3541284,4.8097329
Bleienbach,7.7561202,47.1856551
Bedford,-0.4675041,52.1363806
Fucecchio,10.808205,43.729202
Port Macquarie,152.9103525,-31.4299499
Strzelce Krajeńskie,15.5326861,52.8785785
Neuss,6.6916476,51.1981778
Frimley,-0.7353134,51.3154908
Togliatti,49.407574,53.51495
Berchtesgaden,13.0021634,47.63108
Stollberg,12.7762607,50.7087734
Móstoles,-3.8649214,40.3238525
Montauban,1.3549991,44.0175835
Augustów,22.9802357,53.8437331
Huntingdon,-0.1817532754858983,52.342444150000006
Škofja Loka,14.3067474,46.165274
Tukums,23.1524528,56.9669816
Aalst,4.0392147,50.9383226
Montélimar,4.750318,44.5579391
Chêne-Bougeries,6.1854072,46.1963639
Leuze-en-Hainaut,3.627393779864556,50.597156049999995
Santa Lucía,-60.975036,13.8250489
Vändra,25.038184995593994,58.655611
Museros,-0.3426529,39.5644775
Aachen,6.083862,50.776351
Sluiskil,3.8350654,51.2779511
Conselve,11.8740131,45.2337438
Navaluenga,-4.7079974,40.4101393
Xinzo de Limia,-7.7245498,42.0637882
Oberwart,16.2124214,47.2861513
Torhout,3.091151794323812,51.0587812
Oosterhout,4.863042417836681,51.632237599999996
Terrassa,2.0100492,41.5629623
Herveld,5.7406415,51.9060926
Tauranga,176.167505,-37.6859006
Québec,-71.8258668,52.4760892
Wilmette,-87.7193768,42.0757315
Sombor,19.1147036,45.7727397
Kiili,24.83993503335767,59.30667135
Ayacucho,-74.0,-14.0
Romoos,8.0282996,47.0115225
Lazkao,-2.1861651,43.0334542
Lenexa,-94.7845837,38.9697458
Sheffield,-1.4702278,53.3806626
Kingston upon Thames,-0.3062621,51.4096275
Uster,8.7179221,47.3512065
Pácora,-75.4594449,5.5272323
Bronx,-73.8785937,40.8466508
Ostend,2.919496,51.2258565
Barahona,-71.20953,18.1714805
Haidershofen,14.519620475057788,48.06301195
Phoenix,-112.074141,33.4484367
Mazamet,2.3764363,43.4902317
Zakopane,19.950659,49.2969446
Sabiñánigo,-0.3647899,42.518364
Taldykorgan,78.3791841,45.0164138
Romillé,-1.89245,48.2153539
Diest,5.052873496255041,50.98456645
Ardooie,3.2046502804624204,50.97120755
Zulte,3.4753307227884633,50.9401085
Uboldo,9.0033882,45.6109052
Waasmunster,4.0842158,51.1097147
Puigpunyent,2.528306,39.6273152
Medellin,-75.573553,6.2443382
Giulianova,13.9667011,42.7534856
München,11.5753822,48.1371079
Belley,5.6861466,45.760758
Cherbourg-en-Cotentin,-1.6249565,49.6425343
Priekule,21.6006939,56.4494915
Denain,3.3943729,50.3270926
Southport,-3.0041751,53.6475988
Kattendijke,3.9441928,51.5236573
Saint-Amand-Montrond,2.5046503,46.7227062
Ronse,3.6014476899065855,50.7526199
Salto,-47.2913682,-23.1989983
Lanciano,14.3907794,42.2305316
San Pellegrino Terme,9.6647313,45.8386307
Gatteo,12.386042,44.109466
Brioude,3.3853711,45.293897
Oława,17.290269769664455,50.95709295
Timaru,171.2509786,-44.3930254
Clermont-Ferrand,3.0819427,45.7774551
Falköping,13.516667,58.2
Rotorua,176.252922,-38.1381493
João Pessoa,-34.882028,-7.1215981
Regensburg,12.0974869,49.0195333
Colijnsplaat,3.8473503,51.5999062
Vannes,-2.7599079,47.6586772
Gyumri,43.84050982233519,40.78027735
Zamora,-5.942315018340977,41.6857693
Tettnang,9.5891158,47.6716558
Sanandaj,46.9978639,35.3126047
Ulaanbaatar,106.9177016,47.9184676
Soisy-sous-Montmorency,2.3002885,48.9875044
Narbonne,3.0042121,43.1837661
Póvoa de Varzim,-8.748717683888236,41.4183007
Altkirch,7.2401542,47.6238204
Fano,13.0146632,43.8424173
São Sebastião da Pedreira,-9.151777209480715,38.730654
Waldshut-Tiengen,8.2408579,47.6281754
Freiburg im Breisgau,7.8494005,47.9960901
Wetzikon,8.7980939,47.3226925
Geraardsbergen,3.8827287,50.7715779
